ID,pred,life_ladder,residuals,country_name,year,generosity
1005,5.109631797836243,5.066,-0.043631797836242825,Lithuania,2010,-0.275
1078,5.955855568192461,6.155,0.1991444318075395,Malta,2011,0.296
67,7.089474780087778,7.285,0.19552521991222171,Australia,2007,0.347
867,5.2151614766429475,5.172,-0.04316147664294778,Jordan,2013,-0.117
650,6.098529312529862,5.901,-0.19752931252986183,Guatemala,2006,0.172
1867,5.363090619165676,5.311,-0.05209061916567581,Uzbekistan,2008,-0.023
985,4.079162269261592,3.512,-0.5671622692615919,Lesotho,2019,-0.131
552,7.575334653510874,7.671,0.09566534648912661,Finland,2008,0.028
1860,6.4296895730672485,6.628,0.19831042693275158,Uruguay,2015,-0.032
982,4.284082136486944,4.898,0.6139178635130556,Lesotho,2011,-0.087
1573,4.740394201820217,3.661,-1.0793942018202167,South Africa,2013,-0.077
1395,5.583408280721807,5.587,0.0035917192781926843,Poland,2005,
494,5.853763053291764,5.84,-0.01376305329176386,Ecuador,2017,-0.167
1974,6.475292051083617,6.494,0.018707948916382833,Saudi Arabia,2021,-0.149
1993,5.87713919921174,6.152,0.27486080078826003,Kazakhstan,2021,-0.069
1033,4.0801469362020875,3.593,-0.4871469362020875,Madagascar,2015,-0.041
529,5.819874641599856,5.332,-0.4878746415998565,Estonia,2007,-0.246
1488,4.035113949820939,3.669,-0.36611394982093914,Senegal,2012,-0.036
70,7.4038803682443195,7.406,0.002119631755680196,Australia,2011,0.369
1446,5.468446608128415,5.621,0.15255339187158512,Russia,2012,-0.293
1610,6.4844133009438165,6.319,-0.16541330094381657,Spain,2016,-0.048
571,6.679875013622865,6.667,-0.012875013622864806,France,2013,-0.125
420,5.726465850863605,5.536,-0.190465850863605,Croatia,2018,-0.151
1726,5.622491530695786,5.885,0.2625084693042137,Thailand,2020,0.273
952,4.717677276433602,5.197,0.4793227235663977,Laos,2019,0.061
2006,6.153617757297383,5.929,-0.22461775729738243,Portugal,2021,-0.244
1192,4.760638827008052,4.574,-0.18663882700805257,Namibia,2014,-0.183
1979,6.40277201838092,6.431,0.028227981619080467,Uruguay,2021,-0.092
1413,5.4650439539651,4.994,-0.47104395396510057,Portugal,2012,-0.097
583,4.254391512854788,4.661,0.4066084871452116,Gabon,2015,-0.194
51,6.55567436514114,5.901,-0.6546743651411404,Argentina,2020,-0.122
1047,4.0716128698159695,3.417,-0.6546128698159697,Malawi,2017,0.025
1286,5.3338841335846405,5.467,0.1331158664153591,North Cyprus,2019,
1542,5.9274806062243695,6.366,0.4385193937756302,Slovakia,2017,-0.055
29,4.925209902677794,5.341,0.4157900973222066,Algeria,2016,
1764,5.4389768328475565,5.607,0.1680231671524437,Turkey,2017,-0.237
479,6.250390083520706,5.605,-0.6453900835207058,Dominican Republic,2017,-0.121
1609,6.406437429866356,6.381,-0.025437429866356,Spain,2015,-0.072
2010,5.985068565015711,5.845,-0.14006856501571097,South Korea,2021,-0.083
231,6.194194264440358,6.451,0.2568057355596416,Brazil,2019,-0.062
1258,4.2523280719616885,4.556,0.30367192803831156,Niger,2011,-0.055
212,3.752728778920231,4.031,0.27827122107976887,Botswana,2014,-0.105
307,7.036443868311571,7.025,-0.01144386831157096,Canada,2020,0.05
727,7.39763285310424,7.498,0.10036714689575987,Iceland,2015,0.301
1933,4.584327802767899,4.838,0.25367219723210077,Zambia,2020,0.056
447,6.499049797702659,7.034,0.5349502022973409,Czech Republic,2018,-0.292
381,4.613011377649595,3.955,-0.6580113776495953,Congo,2013,-0.078
1151,5.020637376180713,5.196,0.1753626238192867,Montenegro,2007,-0.134
694,5.146634129041421,4.845,-0.30163412904142106,Honduras,2015,-0.097
567,6.60842395374788,6.283,-0.3254239537478796,France,2009,-0.082
588,4.195629716760309,4.118,-0.07762971676030883,Gambia,2017,0.111
859,5.951363456749546,6.118,0.16663654325045396,Japan,2020,-0.259
2028,5.276274195956066,5.41,0.13372580404393375,Libya,2021,-0.087
1686,4.796778447267169,4.381,-0.4157784472671686,Tajikistan,2010,0.062
1418,6.015238428088437,5.711,-0.3042384280884365,Portugal,2017,-0.176
1449,5.677837896142782,5.996,0.3181621038572189,Russia,2015,-0.171
120,4.215711680063862,5.052,0.8362883199361377,Bangladesh,2008,-0.044
744,4.70021654715419,3.818,-0.8822165471541896,India,2018,0.085
1774,5.435549626231412,5.887,0.451450373768588,Turkmenistan,2016,0.005
1930,4.5808084104015645,3.933,-0.6478084104015647,Zambia,2017,0.14
1803,4.847962224773482,4.029,-0.8189622247734825,Ukraine,2016,0.011
1102,5.441189010688271,5.648,0.20681098931172848,Mauritius,2014,0.176
1940,4.0987615214975275,4.955,0.8562384785024726,Zimbabwe,2012,-0.103
785,4.68003906736664,4.785,0.10496093263336004,Iraq,2020,-0.021
1935,3.8156213807090875,3.28,-0.5356213807090877,Zimbabwe,2007,-0.082
564,6.857452833368871,7.093,0.23554716663112885,France,2005,
973,5.150439251689574,5.188,0.037560748310426106,Lebanon,2011,0.006
2034,5.284489647946376,5.283,-0.0014896479463759604,Armenia,2021,-0.168
618,7.1073133562929804,7.118,0.010686643707019883,Germany,2018,0.034
251,4.234185568556323,3.326,-0.9081855685563229,Burkina Faso,2013,-0.016
297,7.355664330684172,7.65,0.2943356693158288,Canada,2010,0.23
366,6.08327495408754,6.388,0.30472504591245997,Colombia,2015,-0.1
411,5.11323727717939,5.433,0.31976272282060947,Croatia,2009,-0.271
538,6.195465908460776,5.938,-0.25746590846077666,Estonia,2017,-0.101
233,5.019587652107231,3.844,-1.175587652107231,Bulgaria,2007,-0.138
1581,5.634455528601414,5.332,-0.30245552860141434,South Korea,2006,-0.052
100,4.929270495218599,5.481,0.5517295047814006,Azerbaijan,2013,-0.168
367,6.109542521237404,6.234,0.12445747876259627,Colombia,2016,-0.1
1941,4.1446566312162805,4.69,0.5453433687837199,Zimbabwe,2013,-0.104
2022,6.309868276542671,5.536,-0.7738682765426717,North Cyprus,2021,0.012
111,6.430921059714891,6.69,0.259078940285109,Bahrain,2013,
254,4.218066931754252,4.206,-0.012066931754251442,Burkina Faso,2016,-0.001
1864,6.413094157399306,6.6,0.18690584260069354,Uruguay,2019,-0.095
849,6.130824292515548,6.057,-0.0738242925155479,Japan,2010,-0.14
1814,6.524363603713913,6.54,0.015636396286087262,United Arab Emirates,2014,
1548,6.191993704211777,6.083,-0.10899370421177679,Slovenia,2010,0.029
979,5.067978767116778,5.154,0.08602123288322172,Lebanon,2017,-0.074
1391,5.639668370968637,5.594,-0.045668370968636296,Philippines,2017,-0.141
361,5.842362492785222,6.408,0.5656375072147783,Colombia,2010,-0.05
1237,7.289624456975044,7.205,-0.08462445697504428,New Zealand,2019,0.157
555,7.3362708631120634,7.42,0.08372913688793648,Finland,2012,-0.001
184,5.788871957902328,6.019,0.23012804209767257,Bolivia,2012,-0.015
210,3.921410031900541,4.836,0.9145899680994591,Botswana,2012,-0.203
478,6.2965855068713354,5.239,-1.0575855068713356,Dominican Republic,2016,-0.08
1676,6.34332114082697,6.45,0.1066788591730301,Taiwan Province of China,2015,0.019
1378,5.832125569493895,5.68,-0.15212556949389544,Peru,2018,-0.178
1963,7.065062596845639,7.085,0.0199374031543611,Ireland,2021,0.077
2085,4.557065223698567,4.073,-0.4840652236985665,Zambia,2021,0.061
298,7.277160712072268,7.426,0.14883928792773204,Canada,2011,0.253
56,4.248156787416428,4.368,0.11984321258357244,Armenia,2010,-0.176
535,5.947637305976888,5.556,-0.3916373059768876,Estonia,2014,-0.153
109,6.437869185612507,4.824,-1.613869185612507,Bahrain,2011,-0.051
1210,4.926823740261639,5.449,0.5221762597383606,Nepal,2019,0.167
350,5.360682490345348,5.196,-0.16468249034534832,China,2014,-0.217
670,4.2695242776461555,4.874,0.6044757223538442,Guinea,2017,0.038
128,4.881398359876263,4.556,-0.32539835987626287,Bangladesh,2016,-0.089
1640,6.703880406340115,7.266,0.5621195936598848,Sweden,2009,0.221
651,5.844332183752824,6.33,0.4856678162471759,Guatemala,2007,0.136
1755,5.046297232715972,5.118,0.07170276728402847,Turkey,2008,-0.189
1619,4.527355929189439,3.977,-0.5503559291894393,Sri Lanka,2010,0.259
611,7.237922575545924,6.621,-0.6169225755459236,Germany,2011,0.033
1374,5.836456648035445,5.866,0.02954335196455471,Peru,2014,-0.136
1646,7.436431886333553,7.289,-0.1474318863335533,Sweden,2015,0.211
1472,6.3929347031911865,6.7,0.30706529680881367,Saudi Arabia,2011,-0.142
508,5.130249476241718,4.557,-0.5732494762417177,Egypt,2016,-0.141
1133,5.070968728890304,5.578,0.507031271109696,Moldova,2016,-0.047
1989,6.361183939503535,6.18,-0.18118393950353529,Panama,2021,-0.166
289,4.610103861191891,5.074,0.4638961388081091,Cameroon,2017,-0.028
916,5.871705724967978,6.392,0.5202942750320227,Kosovo,2018,0.269
1578,4.816700118420737,4.884,0.06729988157926314,South Africa,2018,-0.05
429,5.674990048096848,5.439,-0.23599004809684754,Cyprus,2013,0.102
1737,6.412770645054184,6.696,0.28322935494581536,Trinidad and Tobago,2008,0.087
1651,7.586081851852372,7.314,-0.27208185185237177,Sweden,2020,0.091
196,4.6548647476121685,4.995,0.3401352523878316,Bosnia and Herzegovina,2011,-0.035
1531,6.662234823182139,6.378,-0.284234823182139,Singapore,2017,0.136
354,5.393211716006274,5.131,-0.2622117160062736,China,2018,-0.159
2018,5.3162333175229755,5.677,0.36076668247702415,Mongolia,2021,0.116
1383,4.915233808972825,4.88,-0.035233808972825464,Philippines,2009,0.004
1050,5.6968736944624485,6.012,0.31512630553755105,Malaysia,2006,0.201
1503,5.0566971485032095,5.318,0.2613028514967901,Serbia,2015,-0.062
1303,7.453772551153751,7.444,-0.009772551153750975,Norway,2014,0.181
530,5.73835549747896,5.452,-0.2863554974789597,Estonia,2008,-0.217
925,6.59017511905102,6.18,-0.41017511905102033,Kuwait,2014,
69,7.393689410208842,7.45,0.056310589791157994,Australia,2010,0.317
1315,4.831978279632132,5.786,0.9540217203678676,Pakistan,2010,0.3
937,5.188589834302072,5.402,0.21341016569792792,Kyrgyzstan,2013,-0.085
432,6.1949230268084605,5.795,-0.3999230268084606,Cyprus,2016,-0.03
240,5.458180683910224,4.838,-0.620180683910224,Bulgaria,2016,-0.17
2068,4.244023912539072,4.625,0.3809760874609278,Liberia,2021,0.05
387,4.691698077303687,5.213,0.5213019226963134,Congo,2019,-0.046
306,7.2164873278573785,7.109,-0.10748732785737847,Canada,2019,0.112
1602,6.779626092939419,7.294,0.5143739070605804,Spain,2008,-0.15
680,3.9378596191057635,3.889,-0.04885961910576375,Haiti,2014,0.285
888,5.878638564414388,6.272,0.39336143558561254,Kazakhstan,2019,-0.055
1605,6.426918727262907,6.518,0.09108127273709243,Spain,2011,-0.122
1216,7.113466421770392,7.471,0.3575335782296083,Netherlands,2012,0.288
1948,4.157151552751621,3.16,-0.997151552751621,Zimbabwe,2020,-0.009
1432,5.156138786121527,5.167,0.010861213878472498,Romania,2012,-0.112
1713,5.703797278195632,5.784,0.08020272180436816,Thailand,2007,0.391
1866,5.3251555362231615,5.232,-0.0931555362231613,Uzbekistan,2006,-0.115
211,3.8216105914202307,4.128,0.3063894085797694,Botswana,2013,-0.154
247,4.182736615245529,3.846,-0.33673661524552934,Burkina Faso,2008,-0.101
561,7.581153757274454,7.858,0.27684624272554537,Finland,2018,-0.127
1943,4.228165042616797,3.703,-0.5251650426167971,Zimbabwe,2015,-0.123
259,3.5096836674077956,3.792,0.28231633259220423,Burundi,2009,-0.019
342,4.9395065331522465,4.56,-0.3795065331522469,China,2006,
1829,6.719307004523741,6.758,0.03869299547625893,United Kingdom,2014,0.355
845,6.374028711659957,6.516,0.14197128834004324,Japan,2005,
1455,4.252305369576696,4.215,-0.03730536957669628,Rwanda,2006,
1376,5.825795013000422,5.701,-0.12479501300042273,Peru,2016,-0.134
124,4.617405979093703,4.724,0.10659402090629744,Bangladesh,2012,-0.034
1736,6.417952555259111,5.832,-0.5859525552591114,Trinidad and Tobago,2006,0.141
1341,6.473915090135924,6.931,0.4570849098640757,Panama,2008,0.06
765,4.848999137891039,4.609,-0.2399991378910391,Iran,2012,
1453,5.698745491118807,5.441,-0.25774549111880685,Russia,2019,-0.116
613,7.117013634176367,6.965,-0.1520136341763667,Germany,2013,0.024
590,4.2054495004318655,5.164,0.9585504995681342,Gambia,2019,0.41
65,5.213870253361088,5.488,0.27412974663891276,Armenia,2019,-0.172
1817,6.520751385846172,7.039,0.5182486141538281,United Arab Emirates,2017,0.216
1159,5.283189915726174,5.304,0.020810084273826135,Montenegro,2016,-0.087
710,5.59457754055355,5.194,-0.40057754055354966,Hungary,2005,
617,6.9001688839715545,7.074,0.17383111602844536,Germany,2017,0.145
1843,6.851320084887829,7.249,0.39767991511217105,United States,2013,0.274
482,6.468332533046216,5.168,-1.300332533046216,Dominican Republic,2020,-0.128
602,4.61990755462824,4.451,-0.16890755462824014,Georgia,2017,-0.244
1502,4.9238639502531285,5.113,0.18913604974687193,Serbia,2014,0.072
1138,4.874183819980889,4.609,-0.2651838199808889,Mongolia,2007,0.064
585,4.366264742514181,4.782,0.4157352574858191,Gabon,2017,-0.228
1656,7.5037375317529715,7.572,0.06826246824702853,Switzerland,2015,0.109
1120,6.514283272216061,6.55,0.03571672778393875,Mexico,2018,-0.179
275,5.322795144046325,5.122,-0.20079514404632537,Cambodia,2018,0.036
816,6.435060960788262,6.574,0.13893903921173756,Italy,2007,0.113
997,5.393883162589438,5.434,0.04011683741056249,Libya,2016,-0.089
1558,6.503348520579106,6.462,-0.04134852057910621,Slovenia,2020,-0.081
999,5.328624204940542,5.494,0.16537579505945743,Libya,2018,-0.101
281,4.424692268542566,4.741,0.3163077314574334,Cameroon,2009,-0.017
1995,6.26352732061362,6.106,-0.15752732061362007,Kuwait,2021,-0.104
1554,6.374914142797726,5.937,-0.4379141427977258,Slovenia,2016,-0.055
792,7.1481914892373695,6.76,-0.3881914892373697,Ireland,2013,0.331
321,4.085791765777132,3.46,-0.6257917657771319,Chad,2014,-0.07
188,5.8422892660462775,5.77,-0.07228926604627794,Bolivia,2016,-0.047
1507,5.62974203753809,6.241,0.6112579624619094,Serbia,2019,-0.04
1719,5.618171872960188,6.231,0.6128281270398119,Thailand,2013,0.456
599,4.422690875762038,4.288,-0.13469087576203798,Georgia,2014,-0.233
450,7.572215123927837,7.834,0.26178487607216283,Denmark,2007,0.24
1289,4.57158790956856,4.18,-0.3915879095685604,North Macedonia,2010,-0.058
1883,6.632002525459608,7.478,0.8459974745403915,Venezuela,2010,-0.155
1541,5.920673902693611,5.993,0.07232609730638906,Slovakia,2016,-0.061
1964,6.882910276391251,7.069,0.18608972360874887,Costa Rica,2021,-0.126
1721,5.7522847577416805,6.202,0.4497152422583195,Thailand,2015,0.316
2052,5.312560567990205,4.948,-0.3645605679902042,Turkey,2021,-0.139
1029,4.088491494709632,4.381,0.2925085052903684,Madagascar,2011,-0.062
438,6.285412461230012,6.5,0.2145875387699876,Czech Republic,2007,-0.063
1189,4.659358417767228,4.434,-0.22535841776722787,Myanmar,2019,0.561
806,7.031965353405935,7.111,0.07903464659406456,Israel,2012,0.153
290,4.607589244490011,5.251,0.643410755509989,Cameroon,2018,0.036
1588,6.042703860707983,5.959,-0.08370386070798297,South Korea,2013,-0.05
893,4.489896732036519,4.27,-0.21989673203651972,Kenya,2009,0.1
2086,4.172064326957045,3.849,-0.323064326957045,Sierra Leone,2021,0.084
135,5.36139065761447,5.463,0.10160934238553043,Belarus,2008,-0.22
1089,4.731615846656078,4.248,-0.48361584665607804,Mauritania,2008,-0.018
99,4.915044935754165,4.911,-0.004044935754165202,Azerbaijan,2012,-0.14
707,5.715810421349532,5.362,-0.35381042134953233,Hong Kong S.A.R. of China,2017,0.14
1601,6.596412423878286,6.995,0.3985875761217139,Spain,2007,-0.093
1509,4.063102553713691,3.628,-0.43510255371369055,Sierra Leone,2006,0.101
433,6.341876979784235,6.062,-0.27987697978423487,Cyprus,2017,0.043
1538,5.633239383733568,5.937,0.30376061626643214,Slovakia,2013,-0.051
807,6.997011044739304,7.321,0.3239889552606954,Israel,2013,0.15
220,6.129218256647224,6.691,0.5617817433527756,Brazil,2008,-0.078
923,6.686651996376119,6.221,-0.46565199637611876,Kuwait,2012,
630,4.792960034239091,3.986,-0.8069600342390904,Ghana,2015,-0.038
2002,5.824574439562159,5.985,0.16042556043784106,Thailand,2021,0.287
237,4.988789938835069,3.993,-0.995789938835069,Bulgaria,2013,-0.191
13,4.936974408472347,5.485,0.5480255915276535,Albania,2009,-0.158
767,4.800840160029633,4.682,-0.11884016002963271,Iran,2014,0.241
1322,4.7375450955680405,5.831,1.09345490443196,Pakistan,2017,0.045
1564,5.250795683759544,4.931,-0.31979568375954415,Somalia,2011,
1730,3.6894325182627963,2.839,-0.8504325182627963,Togo,2014,-0.085
519,5.887725699657084,5.934,0.04627430034291624,El Salvador,2012,-0.155
239,5.310036294683285,4.865,-0.44503629468328487,Bulgaria,2015,-0.2
756,5.293823816015354,5.043,-0.25082381601535353,Indonesia,2015,0.471
1255,4.275087997449336,4.236,-0.03908799744933589,Niger,2008,-0.055
1684,4.629771585259844,5.064,0.43422841474015605,Tajikistan,2008,0.018
1911,4.568208099251607,3.746,-0.8222080992516072,Yemen,2011,-0.173
1783,4.210112391610892,4.826,0.6158876083891078,Uganda,2011,0.032
1818,6.588048996086445,6.604,0.015951003913555084,United Arab Emirates,2018,0.054
1331,4.428953317806294,4.647,0.21804668219370615,Palestinian Territories,2012,-0.153
1357,5.777859157931914,5.841,0.06314084206808612,Paraguay,2010,0.076
368,6.232902752435551,6.157,-0.07590275243555133,Colombia,2017,-0.157
1411,5.545698936762217,5.095,-0.4506989367622172,Portugal,2010,-0.106
1128,5.172018046353798,5.792,0.6199819536462021,Moldova,2011,-0.082
674,4.006225103083569,3.754,-0.25222510308356894,Haiti,2006,0.401
1549,6.227326065186592,6.036,-0.19132606518659223,Slovenia,2011,-0.025
787,7.257811743508977,7.568,0.31018825649102233,Ireland,2008,0.322
576,6.711280883804473,6.666,-0.04528088380447226,France,2018,-0.138
1337,5.131183858046802,4.554,-0.5771838580468014,Palestinian Territories,2018,
1345,6.483379097118235,6.86,0.37662090288176575,Panama,2012,-0.002
332,6.250089529419975,6.526,0.2759104705800244,Chile,2011,0.112
1338,5.152285749829579,4.483,-0.6692857498295792,Palestinian Territories,2019,
1287,4.921388974533029,4.494,-0.42738897453302904,North Macedonia,2007,0.08
1902,5.240272424084879,5.085,-0.1552724240848793,Vietnam,2014,0.0
2090,4.039978975140705,3.623,-0.4169789751407045,Tanzania,2021,0.183
932,5.158888405124238,4.737,-0.4218884051242382,Kyrgyzstan,2008,-0.1
1657,7.434729785344409,7.459,0.02427021465559065,Switzerland,2016,0.088
1423,6.4988315399703716,6.85,0.3511684600296281,Qatar,2010,0.104
1103,5.539150152111366,5.61,0.07084984788863391,Mauritius,2016,0.139
584,4.03040409879835,4.832,0.80159590120165,Gabon,2016,-0.204
1121,6.4031080383381935,6.432,0.028891961661806853,Mexico,2019,-0.141
944,5.916887851494741,6.25,0.3331121485052586,Kyrgyzstan,2020,0.103
1037,4.186704140750908,4.339,0.15229585924909284,Madagascar,2019,-0.012
121,4.093720802388027,5.083,0.9892791976119728,Bangladesh,2009,-0.075
316,3.7248391326709345,3.639,-0.08583913267093468,Chad,2009,0.021
486,5.9471921057577655,6.022,0.07480789424223477,Ecuador,2009,-0.108
1333,5.039351386732509,4.722,-0.3173513867325086,Palestinian Territories,2014,-0.147
840,5.826772344819313,5.374,-0.45277234481931306,Jamaica,2011,-0.064
1239,5.287829195792129,4.46,-0.8278291957921287,Nicaragua,2006,0.01
668,4.129427133201165,3.505,-0.6244271332011655,Guinea,2015,0.007
115,6.660065102671692,6.227,-0.4330651026716916,Bahrain,2017,0.136
1617,4.500781000903642,4.431,-0.06978100090364237,Sri Lanka,2008,0.163
554,7.481239814192662,7.354,-0.12723981419266206,Finland,2011,0.101
1085,6.890397327826765,6.91,0.01960267217323519,Malta,2018,0.179
1795,4.927140683766913,5.172,0.24485931623308677,Ukraine,2008,-0.265
1674,6.221274621932099,6.34,0.11872537806790096,Taiwan Province of China,2013,0.002
1761,5.304511075937086,5.58,0.27548892406291436,Turkey,2014,-0.024
988,4.215474123285121,4.196,-0.019474123285121436,Liberia,2010,-0.038
721,5.9443784645735676,5.936,-0.008378464573567612,Hungary,2018,-0.243
1779,4.268179518751134,4.456,0.18782048124886597,Uganda,2007,-0.001
619,7.0144661327049675,7.035,0.020533867295032593,Germany,2019,0.057
1360,5.963638655481288,5.936,-0.02763865548128841,Paraguay,2013,0.046
426,6.380033410427843,6.387,0.006966589572156678,Cyprus,2010,0.073
679,4.003227215818344,4.622,0.6187727841816555,Haiti,2013,0.289
1456,3.771123913665655,4.363,0.5918760863343455,Rwanda,2008,0.017
1925,4.565277932559637,5.013,0.44772206744036325,Zambia,2012,0.008
2040,4.748267717621105,5.132,0.3837322823788947,Senegal,2021,-0.046
892,4.413637366608268,4.015,-0.3986373666082681,Kenya,2008,-0.012
1711,4.046009499942592,3.786,-0.2600094999425919,Tanzania,2020,0.295
1107,5.738242746007847,6.015,0.27675725399215256,Mauritius,2020,-0.037
1900,5.158323119435561,5.535,0.37667688056443893,Vietnam,2012,-0.11
1420,6.319792092765812,6.095,-0.2247920927658127,Portugal,2019,-0.234
544,4.2247960112828356,4.507,0.2822039887171641,Ethiopia,2014,0.08
1359,5.8965820586393205,5.82,-0.07658205863932022,Paraguay,2012,0.2
715,5.39932158613036,4.683,-0.71632158613036,Hungary,2012,-0.136
984,4.089922012204261,3.795,-0.2949220122042613,Lesotho,2017,-0.145
757,5.239058606428277,5.136,-0.10305860642827724,Indonesia,2016,0.5
1117,6.878250663636553,6.236,-0.6422506636365535,Mexico,2015,-0.152
299,7.317630570416159,7.415,0.09736942958384098,Canada,2012,0.29
1125,5.165373464396266,5.503,0.337626535603734,Moldova,2008,-0.056
1576,4.7021130295854086,4.77,0.06788697041459102,South Africa,2016,-0.07
63,4.771340847625706,4.288,-0.4833408476257057,Armenia,2017,-0.147
324,4.22311021245287,4.559,0.3358897875471305,Chad,2017,0.008
1387,5.4559563237695,4.977,-0.47895632376949937,Philippines,2013,0.021
1177,4.286786281339337,4.971,0.6842137186606632,Mozambique,2011,-0.024
1229,7.319361683288156,7.191,-0.12836168328815578,New Zealand,2011,0.284
1421,5.864574271325882,5.768,-0.09657427132588214,Portugal,2020,-0.238
1000,5.268391378982497,5.33,0.06160862101750286,Libya,2019,-0.073
1394,5.2883790207131325,5.08,-0.2083790207131324,Philippines,2020,-0.116
605,4.6992335751267795,5.123,0.4237664248732207,Georgia,2020,-0.221
993,4.166754357376448,4.135,-0.03175435737644783,Liberia,2018,0.05
427,6.3935847072149885,6.69,0.2964152927850119,Cyprus,2011,0.18
1226,7.144940134343369,7.604,0.4590598656566307,New Zealand,2007,0.279
1380,4.988841117604882,4.67,-0.3188411176048822,Philippines,2006,0.063
1493,4.601700862803373,4.683,0.08129913719662696,Senegal,2017,-0.044
23,4.958136759327337,4.995,0.036863240672663444,Albania,2019,-0.099
1623,4.881198223263849,4.268,-0.6131982232638489,Sri Lanka,2014,0.299
198,4.714032405664605,5.124,0.4099675943353951,Bosnia and Herzegovina,2013,0.042
49,6.375852279363792,5.793,-0.5828522793637916,Argentina,2018,-0.211
173,4.775976614653542,4.976,0.2000233853464577,Benin,2019,-0.016
620,6.8468969932763875,7.312,0.4651030067236128,Germany,2020,-0.06
1823,6.622656584312548,6.986,0.363343415687452,United Kingdom,2008,0.331
817,6.287926939271664,6.78,0.49207306072833656,Italy,2008,0.049
915,5.559547941646322,6.149,0.589452058353678,Kosovo,2017,0.117
1670,6.169428147175032,5.548,-0.621428147175032,Taiwan Province of China,2008,-0.017
1010,5.881340476853735,5.711,-0.17034047685373466,Lithuania,2015,-0.254
1075,4.2407305759570635,4.988,0.747269424042937,Mali,2019,-0.038
71,7.412878950107113,7.196,-0.21687895010711333,Australia,2012,0.274
1375,5.83291987983943,5.577,-0.2559198798394302,Peru,2015,-0.09
1781,4.190979188723134,4.612,0.4210208112768665,Uganda,2009,-0.037
514,5.694698509080381,5.296,-0.39869850908038096,El Salvador,2007,-0.015
1242,5.565048779700183,5.353,-0.21204877970018288,Nicaragua,2009,0.07
383,4.635812107225562,4.691,0.055187892774437586,Congo,2015,-0.104
1957,7.332826403096858,7.277,-0.055826403096857824,New Zealand,2021,0.134
1954,7.5014683870438645,7.392,-0.10946838704386419,Norway,2021,0.093
1745,4.359944873493172,5.246,0.8860551265068288,Tunisia,2013,-0.207
485,5.50235456324396,5.297,-0.20535456324396062,Ecuador,2008,-0.094
1292,5.146751594823366,5.186,0.039248405176634193,North Macedonia,2013,0.025
2076,4.140418139217327,4.355,0.2145818607826735,Chad,2021,0.041
596,4.369891851552046,4.203,-0.16689185155204544,Georgia,2011,-0.255
256,4.3228418506613435,4.927,0.6041581493386561,Burkina Faso,2018,-0.013
1271,4.821172827893438,4.76,-0.06117282789343825,Nigeria,2010,0.067
458,7.563802075724055,7.514,-0.04980207572405515,Denmark,2015,0.222
1113,6.535309603362475,6.91,0.3746903966375248,Mexico,2011,-0.099
1164,5.102996951096082,4.383,-0.719996951096082,Morocco,2010,-0.162
20,4.8808328011639475,4.511,-0.36983280116394734,Albania,2016,-0.017
1575,4.824602812804354,4.887,0.062397187195645465,South Africa,2015,-0.127
2005,6.384868223909674,5.929,-0.45586822390967363,Argentina,2021,-0.182
1170,4.899179845601762,5.312,0.41282015439823816,Morocco,2017,-0.216
507,4.705832271818432,4.763,0.05716772818156812,Egypt,2015,-0.089
1091,4.586113203286634,4.772,0.1858867967133664,Mauritania,2010,0.055
781,4.6701217415214415,4.493,-0.17712174152144122,Iraq,2015,0.019
874,4.6547403149476345,4.094,-0.5607403149476342,Jordan,2020,-0.15
374,4.024802340299915,3.838,-0.1868023402999146,Comoros,2011,-0.075
1574,4.726228919748473,4.828,0.10177108025152748,South Africa,2014,-0.117
1894,5.679467589689256,5.294,-0.38546758968925676,Vietnam,2006,0.015
1855,6.350876679142407,6.062,-0.28887667914240645,Uruguay,2010,-0.158
1611,6.372060275069936,6.23,-0.14206027506993557,Spain,2017,-0.032
873,5.14296177098837,4.453,-0.6899617709883694,Jordan,2019,-0.165
270,4.591912361429226,3.674,-0.9179123614292259,Cambodia,2013,0.164
1847,6.987902209291905,6.992,0.004097790708095239,United States,2017,0.197
1124,5.1728523119632985,4.775,-0.3978523119632982,Moldova,2007,-0.186
736,4.808372086724816,4.989,0.1806279132751838,India,2010,0.058
382,4.54755144881113,4.056,-0.4915514488111299,Congo,2014,-0.11
495,5.85350083948808,6.128,0.2744991605119198,Ecuador,2018,-0.099
25,5.1780753114918525,5.464,0.2859246885081479,Algeria,2010,-0.205
1366,5.634408783403829,4.811,-0.8234087834038286,Peru,2006,-0.071
78,7.324312783509259,7.234,-0.0903127835092592,Australia,2019,0.121
1501,4.982307386628876,5.102,0.11969261337112425,Serbia,2013,-0.1
32,4.961608372380065,4.745,-0.21660837238006447,Algeria,2019,0.005
1765,5.3091219403440455,5.186,-0.12312194034404556,Turkey,2018,-0.176
436,5.832431533652221,6.26,0.427568466347779,Cyprus,2020,
1739,6.419702875120165,6.168,-0.25170287512016465,Trinidad and Tobago,2013,0.128
1655,7.526917011556592,7.493,-0.03391701155659188,Switzerland,2014,0.06
163,3.5834158288793905,3.33,-0.2534158288793904,Benin,2006,-0.011
203,5.160967945664428,5.887,0.7260320543355716,Bosnia and Herzegovina,2018,0.123
1992,6.008232313088238,6.166,0.1577676869117628,Poland,2021,-0.165
1907,5.600562283334605,5.467,-0.13356228333460507,Vietnam,2019,-0.126
772,4.872978346169582,5.006,0.13302165383041853,Iran,2019,
1053,5.623623044522777,5.385,-0.23862304452277705,Malaysia,2009,-0.009
305,7.308992008288052,7.175,-0.13399200828805213,Canada,2018,0.106
900,4.666297017243158,4.396,-0.27029701724315824,Kenya,2016,0.298
1283,5.267989549051907,5.843,0.5750104509480929,North Cyprus,2015,
2080,4.833952130488917,4.283,-0.5509521304889162,Egypt,2021,-0.182
192,5.857095411640006,5.559,-0.29809541164000564,Bolivia,2020,-0.054
1909,4.555201357920502,4.809,0.25379864207949776,Yemen,2009,-0.052
416,5.037684915668686,5.381,0.34331508433131397,Croatia,2014,0.132
786,7.382114184510211,7.144,-0.23811418451021105,Ireland,2006,0.242
2089,3.6438563003301083,3.658,0.014143699669891596,Yemen,2021,-0.147
218,5.418232927464089,6.637,1.2187670725359103,Brazil,2005,
1904,5.673725498160275,5.062,-0.6117254981602747,Vietnam,2016,-0.09
2064,4.868756370773128,4.759,-0.10975637077312772,Nigeria,2021,0.037
351,5.309850716427174,5.304,-0.005850716427174163,China,2015,-0.244
1013,6.236917774587089,6.309,0.07208222541291143,Lithuania,2018,-0.237
1793,5.1388759634817776,4.804,-0.3348759634817773,Ukraine,2006,-0.257
483,5.569922685887573,5.024,-0.5459226858875734,Ecuador,2006,-0.091
836,4.822463491972777,5.268,0.44553650802722267,Ivory Coast,2018,-0.05
1593,5.937480214677435,5.84,-0.09748021467743495,South Korea,2018,-0.089
59,4.495574934314628,4.277,-0.2185749343146277,Armenia,2013,-0.195
1087,6.847878852391319,6.157,-0.690878852391319,Malta,2020,
422,5.713573954240016,6.508,0.7944260457599839,Croatia,2020,-0.063
409,6.897852360477372,6.998,0.1001476395226284,Costa Rica,2019,-0.146
73,7.247934232208418,7.289,0.041065767791582,Australia,2014,0.319
1489,4.047552605084866,3.647,-0.40055260508486645,Senegal,2013,-0.052
162,5.856876360627929,5.956,0.09912363937207136,Belize,2014,0.022
1198,4.038013709403839,4.748,0.7099862905961611,Nepal,2007,0.317
581,4.059501252200839,3.8,-0.2595012522008391,Gabon,2013,-0.146
2048,4.709144140818861,5.03,0.32085585918113946,Laos,2021,0.123
464,4.575374583632538,5.009,0.43362541636746244,Djibouti,2008,0.129
610,6.946311511945379,6.725,-0.22131151194537946,Germany,2010,0.095
865,5.346705566011758,5.539,0.1922944339882413,Jordan,2011,-0.143
1556,6.722699820728915,6.249,-0.4736998207289149,Slovenia,2018,-0.119
1132,5.124262778943133,6.017,0.8927372210568674,Moldova,2015,-0.09
1709,4.0543133675533385,3.445,-0.6093133675533386,Tanzania,2018,0.153
548,4.220925598058526,4.379,0.15807440194147393,Ethiopia,2018,0.039
45,6.4971118885201555,6.671,0.17388811147984473,Argentina,2014,-0.164
1067,4.205019763563244,4.667,0.461980236436756,Mali,2011,-0.101
1808,6.569297010714222,6.734,0.16470298928577787,United Arab Emirates,2006,-0.033
294,6.9153896999172,7.482,0.5666103000828002,Canada,2007,0.249
1746,4.807615617377362,4.764,-0.04361561737736164,Tunisia,2014,-0.232
76,7.298445853578109,7.257,-0.04144585357810904,Australia,2017,0.317
205,5.486927016609244,5.516,0.029072983390755702,Bosnia and Herzegovina,2020,0.138
1653,7.202006981135396,7.525,0.3229930188646044,Switzerland,2009,0.125
1591,5.9765830558772235,5.971,-0.0055830558772234085,South Korea,2016,0.026
1379,5.861342809418383,5.999,0.13765719058161707,Peru,2019,-0.13
414,5.207471558266264,6.028,0.8205284417337353,Croatia,2012,-0.242
704,5.686875823634882,5.484,-0.20287582363488177,Hong Kong S.A.R. of China,2012,0.222
755,5.172253665282699,5.597,0.4247463347173017,Indonesia,2014,0.408
1231,7.336815227514004,7.28,-0.056815227514003475,New Zealand,2013,0.237
2075,4.931584526977277,4.395,-0.5365845269772773,Jordan,2021,-0.167
393,4.252236633457309,3.903,-0.3492366334573087,Democratic Republic Congo,2015,-0.048
1773,5.397258836420906,5.791,0.3937411635790946,Turkmenistan,2015,0.093
1342,6.466762037806941,7.034,0.567237962193059,Panama,2009,0.014
30,5.002750302070722,5.249,0.24624969792927764,Algeria,2017,-0.167
2021,6.341013210859717,5.545,-0.7960132108597167,Dominican Republic,2021,-0.133
1889,5.263445197195696,4.041,-1.2224451971956958,Venezuela,2016,-0.155
445,6.385283447590222,6.736,0.3507165524097777,Czech Republic,2016,-0.197
1336,5.112796902852505,4.628,-0.484796902852505,Palestinian Territories,2017,-0.163
949,4.645793270375678,4.876,0.23020672962432265,Laos,2012,0.232
1572,4.786022182208358,5.134,0.3479778177916426,South Africa,2012,-0.163
940,5.487037467528028,4.857,-0.6300374675280276,Kyrgyzstan,2016,0.056
1532,6.628186130919386,6.375,-0.2531861309193859,Singapore,2018,-0.066
1669,6.266317577370997,6.189,-0.07731757737099709,Taiwan Province of China,2006,-0.03
1687,4.8341155880398405,4.263,-0.5711155880398406,Tajikistan,2011,-0.119
1433,5.194444327302663,5.082,-0.11244432730266318,Romania,2013,-0.129
1182,4.5849015894046765,4.439,-0.14590158940467646,Myanmar,2012,0.645
1732,3.8430412912595506,3.879,0.035958708740449374,Togo,2016,-0.007
344,4.957889065950638,4.846,-0.11188906595063752,China,2008,-0.092
44,6.534745995852018,6.582,0.04725400414798209,Argentina,2013,-0.13
1618,4.643663799966376,4.212,-0.43166379996637616,Sri Lanka,2009,0.306
1985,5.866400658157622,6.309,0.4425993418423779,Jamaica,2021,-0.137
168,3.869131543016063,3.347,-0.5221315430160631,Benin,2014,-0.096
303,7.222823474439922,7.245,0.022176525560078097,Canada,2016,0.211
1926,4.575142804740946,5.244,0.6688571952590534,Zambia,2013,-0.104
1384,5.064035234496922,4.942,-0.12203523449692177,Philippines,2010,0.033
352,4.95985246454346,5.325,0.3651475354565399,China,2016,-0.228
91,7.234961415683086,7.195,-0.03996141568308609,Austria,2019,0.06
968,5.177465196853907,5.491,0.3135348031460925,Lebanon,2005,
1530,6.741611417155496,6.033,-0.7086114171554954,Singapore,2016,0.143
1343,6.4743503539882985,7.321,0.8466496460117012,Panama,2010,-0.009
527,6.151310660634913,5.462,-0.6893106606349129,El Salvador,2020,-0.126
261,4.063760698615106,2.905,-1.1587606986151058,Burundi,2014,-0.059
678,4.074402029030945,4.413,0.3385979709690554,Haiti,2012,0.289
743,4.648187225746614,4.046,-0.6021872257466141,India,2017,-0.042
649,5.28724950249384,5.788,0.5007504975061599,Greece,2020,-0.241
1068,4.292015171659559,4.313,0.02098482834044102,Mali,2012,-0.088
1975,6.394651326689022,6.491,0.09634867331097752,Spain,2021,-0.081
353,5.01262909603933,5.099,0.08637090396067038,China,2017,-0.175
1202,4.025213171348028,3.809,-0.21621317134802798,Nepal,2011,-0.01
2009,5.559573420294109,5.88,0.3204265797058907,Philippines,2021,-0.097
1740,6.444949425802083,6.192,-0.2529494258020826,Trinidad and Tobago,2017,0.015
185,5.896890661153927,5.767,-0.12989066115392678,Bolivia,2013,-0.067
1944,4.284736508177368,3.735,-0.5497365081773684,Zimbabwe,2016,-0.095
637,6.239272388502895,6.647,0.4077276114971049,Greece,2007,-0.19
572,6.4550454099753445,6.467,0.011954590024655154,France,2014,-0.118
1298,5.2395605315050515,5.015,-0.22456053150505184,North Macedonia,2019,0.024
300,7.291204448926552,7.594,0.3027955510734479,Canada,2013,0.316
1200,4.023316446374928,4.917,0.8936835536250722,Nepal,2009,0.044
1190,4.853380278681001,4.431,-0.42238027868100136,Myanmar,2020,0.47
2060,4.837194902183093,4.852,0.01480509781690742,Gabon,2021,-0.2
480,6.268536069834141,5.433,-0.8355360698341414,Dominican Republic,2018,-0.15
1555,6.479981249408514,6.167,-0.312981249408514,Slovenia,2017,-0.025
1720,5.957636006100164,6.985,1.0273639938998365,Thailand,2014,0.553
1805,5.20889676876551,4.662,-0.5468967687655102,Ukraine,2018,-0.074
1953,7.400815854308032,7.464,0.0631841456919684,Netherlands,2021,0.175
315,3.5491287345049316,4.632,1.082871265495068,Chad,2008,0.063
1474,6.33131439376578,6.495,0.16368560623422024,Saudi Arabia,2013,-0.081
453,7.63535402668875,7.771,0.1356459733112496,Denmark,2010,0.242
1652,7.384958145287335,7.473,0.08804185471266468,Switzerland,2006,0.29
1175,4.320860819028136,4.833,0.5121391809718645,Mozambique,2007,0.074
175,4.81394291791369,5.569,0.7550570820863101,Bhutan,2013,0.353
1961,7.050954497031999,7.155,0.10404550296800164,Germany,2021,0.011
579,4.467894963859901,4.255,-0.2128949638599007,Gabon,2011,-0.211
812,6.841429491710791,6.927,0.08557050828920865,Israel,2018,0.055
1731,3.803433903944872,3.768,-0.035433903944872114,Togo,2015,-0.069
1261,4.3244033970764875,4.181,-0.14340339707648742,Niger,2014,-0.046
123,4.628995568559919,4.986,0.35700443144008087,Bangladesh,2011,-0.069
471,5.509981795754971,5.432,-0.07798179575497066,Dominican Republic,2009,-0.053
532,5.7459161518767505,5.487,-0.25891615187675043,Estonia,2011,-0.168
607,6.801872011595942,6.417,-0.38487201159594253,Germany,2007,0.167
394,4.28514384947699,4.522,0.23685615052301046,Democratic Republic Congo,2016,-0.024
930,5.150805153719859,4.641,-0.5098051537198591,Kyrgyzstan,2006,-0.14
1424,6.675594338066557,6.592,-0.08359433806655758,Qatar,2011,0.012
39,6.441475863125412,5.961,-0.48047586312541135,Argentina,2008,-0.132
462,7.662341619426281,7.693,0.030658380573719057,Denmark,2019,0.02
1786,4.202233035600765,3.77,-0.43223303560076465,Uganda,2014,0.009
582,4.013369969062336,3.918,-0.09536996906233597,Gabon,2014,-0.198
331,6.4242561477541695,6.636,0.2117438522458306,Chile,2010,0.108
534,5.913314552308964,5.367,-0.5463145523089636,Estonia,2013,-0.201
408,6.855120436814329,7.141,0.285879563185671,Costa Rica,2018,-0.107
194,4.68495141725406,4.963,0.27804858274594046,Bosnia and Herzegovina,2009,-0.026
614,7.170392548778637,6.984,-0.1863925487786373,Germany,2014,0.088
907,4.706011455722646,5.891,1.1849885442773544,Kosovo,2009,0.201
705,5.758770645818827,5.458,-0.30077064581882684,Hong Kong S.A.R. of China,2014,0.224
1846,6.738823899908329,6.804,0.06517610009167107,United States,2016,0.144
322,3.9985585126268415,4.323,0.3244414873731589,Chad,2015,-0.029
266,3.9912978525413405,4.111,0.11970214745865926,Cambodia,2009,0.152
1545,5.974263650668267,6.519,0.5447363493317328,Slovakia,2020,-0.075
1435,5.6003101725608415,5.777,0.17668982743915862,Romania,2015,-0.141
2070,4.847987742000481,4.596,-0.25198774200048124,Tunisia,2021,-0.201
1052,5.612022395621405,5.807,0.1949776043785958,Malaysia,2008,0.044
1526,6.694129376897455,6.561,-0.13312937689745485,Singapore,2011,-0.149
1728,2.7209959287634446,2.808,0.08700407123655518,Togo,2008,-0.055
636,6.338243589160452,6.006,-0.33224358916045205,Greece,2005,
1034,4.121638995242134,3.663,-0.45863899524213414,Madagascar,2016,-0.069
543,4.292265323799391,4.445,0.152734676200609,Ethiopia,2013,-0.008
2004,5.953048453456198,5.94,-0.013048453456197429,Japan,2021,-0.258
1692,5.189174537690232,5.104,-0.0851745376902322,Tajikistan,2016,0.01
1649,7.411589980235139,7.375,-0.0365899802351386,Sweden,2018,0.077
1699,3.993307131036247,4.385,0.3916928689637529,Tanzania,2008,0.256
1613,6.542407490608386,6.457,-0.08540749060838593,Spain,2019,-0.049
782,4.692335508415904,4.413,-0.2793355084159037,Iraq,2016,-0.052
1137,5.594586125428446,5.812,0.21741387457155437,Moldova,2020,-0.058
1009,5.618744767572367,6.126,0.5072552324276334,Lithuania,2014,-0.263
1706,4.11556280659769,3.661,-0.45456280659768966,Tanzania,2015,0.149
978,5.139980404155453,5.271,0.13101959584454725,Lebanon,2016,0.031
1671,6.248559666916107,6.229,-0.019559666916107332,Taiwan Province of China,2010,0.005
1273,4.885064675327501,4.818,-0.06706467532750171,Nigeria,2013,0.051
1173,4.874079248427951,4.803,-0.07107924842795121,Morocco,2020,-0.229
834,4.691808254192161,4.543,-0.14880825419216048,Ivory Coast,2016,-0.043
365,6.259468402964538,6.449,0.18953159703546163,Colombia,2014,-0.09
1165,5.081160003230463,5.085,0.0038399967695372794,Morocco,2011,-0.218
1565,5.1680579072290955,5.057,-0.11105790722909514,Somalia,2012,
686,5.480984532809083,5.097,-0.38398453280908296,Honduras,2007,0.23
1840,6.9334892842624924,7.164,0.23051071573750725,United States,2010,0.244
1427,5.443021761267656,5.049,-0.39402176126765553,Romania,2005,
1467,6.440241021400452,7.08,0.6397589785995477,Saudi Arabia,2005,
1858,6.448994501270386,6.444,-0.004994501270386031,Uruguay,2013,-0.043
1590,5.930521441517687,5.78,-0.15052144151768676,South Korea,2015,-0.036
964,5.614707146297113,5.978,0.36329285370288655,Latvia,2017,-0.154
318,4.114051195423792,4.393,0.2789488045762081,Chad,2011,0.031
1630,4.466008026035691,4.314,-0.1520080260356913,Sudan,2011,-0.024
1888,5.388161372317621,5.569,0.18083862768237857,Venezuela,2015,-0.117
1055,5.506146339117525,5.786,0.2798536608824742,Malaysia,2011,-0.016
1054,5.607159021576279,5.58,-0.027159021576278697,Malaysia,2010,0.032
2077,4.625277380033872,4.325,-0.3002773800338714,Sri Lanka,2021,0.079
343,5.292848547157372,4.863,-0.42984854715737164,China,2007,-0.176
398,7.159281793554656,6.851,-0.3082817935546558,Costa Rica,2008,0.096
1550,6.0944158475024395,6.063,-0.03141584750243975,Slovenia,2012,-0.02
292,4.60516831568347,5.241,0.6358316843165293,Cameroon,2020,0.049
1465,4.035180475108976,3.561,-0.47418047510897576,Rwanda,2018,0.057
1798,5.058622610888083,5.083,0.024377389111917225,Ukraine,2011,-0.228
1058,5.682592303162169,5.963,0.2804076968378313,Malaysia,2014,0.239
141,5.372453898047032,5.812,0.43954610195296784,Belarus,2014,-0.048
1524,6.611155500981934,6.145,-0.4661555009819347,Singapore,2009,-0.075
2,3.8483152535571876,4.758,0.9096847464428124,Afghanistan,2010,0.121
1251,6.016738229644915,5.819,-0.19773822964491483,Nicaragua,2018,0.009
339,6.416534880717685,6.436,0.01946511928231498,Chile,2018,-0.06
741,4.765150831474548,4.342,-0.42315083147454846,India,2015,-0.005
265,4.125546617595741,4.462,0.33645338240425904,Cambodia,2008,0.045
376,4.286460845149736,3.973,-0.31346084514973604,Comoros,2018,0.086
809,6.868750336150949,7.079,0.21024966384905053,Israel,2015,0.108
439,6.287114266875238,6.25,-0.03711426687523822,Czech Republic,2010,-0.042
271,4.736143041203258,3.883,-0.8531430412032579,Cambodia,2014,0.239
244,5.797229688885909,5.598,-0.19922968888590908,Bulgaria,2020,-0.004
1163,5.735659104603217,5.722,-0.013659104603216399,Montenegro,2020,0.06
712,5.223660819246998,4.895,-0.3286608192469984,Hungary,2009,-0.125
1018,7.137427776637896,7.101,-0.03642777663789598,Luxembourg,2011,0.106
1466,3.8606492668456944,3.268,-0.5926492668456946,Rwanda,2019,0.064
415,5.225849361437356,5.885,0.659150638562644,Croatia,2013,-0.204
273,4.7229635583101865,4.461,-0.26196355831018625,Cambodia,2016,0.076
1571,4.773284181594844,4.931,0.1577158184051557,South Africa,2011,-0.154
250,4.220121507037968,3.955,-0.2651215070379678,Burkina Faso,2012,-0.07
413,5.185309975513129,5.385,0.19969002448687068,Croatia,2011,-0.198
1683,4.558807799522441,4.432,-0.1268077995224406,Tajikistan,2007,0.0
1412,5.539081206885002,5.22,-0.3190812068850022,Portugal,2011,-0.173
310,3.572927661666242,3.678,0.10507233833375773,Central African Republic,2011,-0.016
1339,6.536779372777493,6.128,-0.4087793727774933,Panama,2006,-0.047
1385,5.163459968098714,4.994,-0.1694599680987139,Philippines,2011,0.073
425,6.410771418467955,6.833,0.42222858153204523,Cyprus,2009,0.054
2023,5.567329733153867,5.534,-0.03332973315386756,Belarus,2021,-0.18
926,6.380832387150122,6.146,-0.23483238715012167,Kuwait,2015,0.082
1447,5.396900657969345,5.537,0.14009934203065466,Russia,2013,-0.289
1463,4.023545059782483,3.333,-0.6905450597824832,Rwanda,2016,0.025
818,6.446248314934158,6.334,-0.11224831493415799,Italy,2009,0.24
1641,7.353084404143215,7.496,0.1429155958567856,Sweden,2010,0.141
1476,6.27121766154732,6.345,0.07378233845267967,Saudi Arabia,2015,-0.045
526,6.036951573357585,6.455,0.41804842664241537,El Salvador,2019,-0.109
1599,4.404757042492496,2.817,-1.5877570424924956,South Sudan,2017,
759,5.3835841498457215,5.34,-0.043584149845721676,Indonesia,2018,0.512
182,5.926027819196145,5.781,-0.14502781919614538,Bolivia,2010,-0.068
170,3.9172750411450825,4.007,0.08972495885491716,Benin,2016,-0.065
1921,4.160884430999856,3.998,-0.1628844309998554,Zambia,2007,-0.067
1791,4.306441167803501,4.948,0.6415588321964991,Uganda,2019,0.139
2025,5.80186107401134,5.477,-0.32486107401133957,Hong Kong S.A.R. of China,2021,0.067
1778,4.22993642036246,3.734,-0.4959364203624599,Uganda,2006,-0.041
1624,5.117714259294618,4.612,-0.505714259294618,Sri Lanka,2015,0.319
746,4.584761368600054,4.225,-0.35976136860005425,India,2020,0.075
272,4.677937542237717,4.162,-0.515937542237717,Cambodia,2015,0.21
1668,4.176174498180347,3.462,-0.7141744981803471,Syria,2015,0.045
966,5.912315357782204,5.97,0.05768464221779546,Latvia,2019,-0.194
1043,4.08572118429019,4.035,-0.05072118429018957,Malawi,2013,0.078
371,5.891660898025046,5.709,-0.1826608980250466,Colombia,2020,-0.085
222,6.395474640974152,6.837,0.44152535902584766,Brazil,2010,-0.054
593,4.434627039742031,4.156,-0.2786270397420312,Georgia,2008,-0.224
1090,4.7685215030966965,4.5,-0.26852150309669653,Mauritania,2009,0.039
654,5.924242596067761,6.29,0.3657574039322391,Guatemala,2010,0.166
914,5.413294339878025,5.759,0.34570566012197546,Kosovo,2016,0.125
518,6.22374723598907,4.741,-1.4827472359890708,El Salvador,2011,-0.126
334,6.489411791656702,6.74,0.25058820834329865,Chile,2013,0.085
819,6.255710274669636,6.354,0.09828972533036406,Italy,2010,-0.06
1259,4.226860701468554,3.798,-0.4288607014685537,Niger,2012,-0.064
1688,4.851353623366098,4.497,-0.354353623366098,Tajikistan,2012,-0.073
771,4.87846852159248,4.278,-0.6004685215924805,Iran,2018,
15,4.6997081358514725,5.867,1.1672918641485275,Albania,2011,-0.205
942,5.85017581477176,5.297,-0.5531758147717607,Kyrgyzstan,2018,0.267
990,4.144796417429934,2.702,-1.4427964174299337,Liberia,2015,-0.061
1658,7.480968935825473,7.474,-0.006968935825472755,Switzerland,2017,0.18
1816,6.576858047500309,6.831,0.2541419524996913,United Arab Emirates,2016,0.131
570,6.8368798652711,6.649,-0.1878798652710998,France,2012,-0.149
948,4.731681892839342,4.704,-0.027681892839342304,Laos,2011,0.459
1044,3.7555299926683694,4.563,0.8074700073316303,Malawi,2014,0.061
465,4.19211882877112,4.906,0.7138811712288797,Djibouti,2009,0.005
